Moments,Analytical,Empirical,95% CI,Difference
E[v_T],0.023847,0.066101,0.001198,-0.042254
E[v_T^2],0.030383,0.057195,0.002376,-0.026812
Std[v_T],0.172668,0.229837,0.004750,-0.057170
E[v_T^3],0.062238,0.091538,0.007637,-0.029299
E[v_T^4],0.161257,0.206810,0.030144,-0.045553
