Moments,Analytical,Empirical,95% CI,Difference
E[v_T],0.023847,0.066240,0.001223,-0.042393
E[v_T^2],0.030383,0.058089,0.002311,-0.027706
Std[v_T],0.172668,0.231735,0.004689,-0.059067
E[v_T^3],0.062238,0.095258,0.007644,-0.033020
E[v_T^4],0.161257,0.223599,0.033624,-0.062342
