Moments,Analytical,Empirical,95% CI,Difference
E[v_T],0.023847,0.024184,0.000808,-0.000337
E[v_T^2],0.030383,0.031292,0.002113,-0.000909
Std[v_T],0.172668,0.175233,0.005962,-0.002566
E[v_T^3],0.062238,0.062678,0.008105,-0.000440
E[v_T^4],0.161257,0.167427,0.039055,-0.006170
