Moments,Analytical,Empirical,95% CI,Difference
E[v_T],0.023847,0.024155,0.000650,-0.000309
E[v_T^2],0.030383,0.030807,0.001723,-0.000425
Std[v_T],0.172668,0.173850,0.004777,-0.001183
E[v_T^3],0.062238,0.059288,0.006248,0.002950
E[v_T^4],0.161257,0.147968,0.026247,0.013289
