Moments,Analytical,Empirical,95% CI,Difference
E[v_T],0.023847,0.024023,0.000781,-0.000176
E[v_T^2],0.030383,0.031441,0.001951,-0.001058
Std[v_T],0.172668,0.175681,0.005323,-0.003014
E[v_T^3],0.062238,0.064375,0.008331,-0.002137
E[v_T^4],0.161257,0.180023,0.052210,-0.018766
