Moments,Analytical,Empirical,95% CI,Difference
E[v_T],0.023847,0.024126,0.000752,-0.000280
E[v_T^2],0.030383,0.030162,0.001726,0.000221
Std[v_T],0.172668,0.171988,0.004797,0.000679
E[v_T^3],0.062238,0.056741,0.005623,0.005498
E[v_T^4],0.161257,0.137536,0.022012,0.023721
