T_steps,E[v_T](QE),E[v_T](EM),E[v_T^2](QE),E[v_T^2](EM)
2,0.000004,0.070728,0.000004,0.070728
4,0.000024,0.069172,0.000024,0.069172
12,0.000081,0.059191,0.000081,0.059191
52,0.000190,0.046980,0.000190,0.046980
100,0.000253,0.042959,0.000253,0.042959
365,0.000417,0.037678,0.000417,0.037678
