N paths,E[v_T](QE),E[v_T](EM),E[v_T^2](QE),E[v_T^2](EM)
16384,0.010998,0.044648,0.027261,0.034894
32768,0.007454,0.043577,0.017197,0.030280
65536,0.004613,0.043744,0.011490,0.031078
131072,0.003471,0.043628,0.009207,0.031791
262144,0.002268,0.042910,0.006562,0.028469
524288,0.001687,0.042713,0.004576,0.028269
1048576,0.001107,0.042983,0.003023,0.028563
