N paths,E[v_T](QE),E[v_T](EM),E[v_T^2](QE),E[v_T^2](EM)
1024,0.002021,0.042676,0.006914,0.036083
2048,0.001190,0.044903,0.006272,0.032506
4096,0.002015,0.042840,0.005602,0.030661
8192,0.001186,0.042959,0.001938,0.027858
16384,0.000858,0.043239,0.002253,0.030004
32768,0.000753,0.042748,0.001674,0.029379
65536,0.000322,0.043181,0.001040,0.029709
131072,0.000268,0.042889,0.000926,0.029004
262144,0.000132,0.043187,0.000533,0.029122
