N paths,E[v_T^3](QE),E[v_T^3](EM),E[v_T^4](QE),E[v_T^4](EM)
1024,0.025491,0.069559,0.099861,0.199277
2048,0.032459,0.046040,0.157264,0.112317
4096,0.017924,0.042140,0.073212,0.107484
8192,0.005180,0.032909,0.024857,0.074532
16384,0.007913,0.040027,0.028781,0.089812
32768,0.005993,0.038836,0.024024,0.083447
65536,0.004708,0.039484,0.021130,0.090970
131072,0.004714,0.037982,0.016490,0.086510
262144,0.002232,0.036129,0.012162,0.071745
