N paths,E[v_T^3](QE),E[v_T^3](EM),E[v_T^4](QE),E[v_T^4](EM)
16384,0.067602,0.077707,0.231093,0.252330
32768,0.046045,0.072995,0.145697,0.235703
65536,0.037338,0.050086,0.130320,0.163490
131072,0.028739,0.046896,0.109180,0.137683
262144,0.022508,0.040200,0.101498,0.131570
524288,0.017739,0.034172,0.076391,0.081973
1048576,0.013164,0.035752,0.059260,0.073008
