T_steps,E[v_T](QE),E[v_T](EM),E[v_T^2](QE),E[v_T^2](EM)
2,0.000003,0.070728,0.000003,0.070728
4,0.000016,0.069172,0.000016,0.069172
12,0.000095,0.059191,0.000095,0.059191
52,0.000213,0.046980,0.000213,0.046980
100,0.000268,0.042959,0.000268,0.042959
365,0.000341,0.037678,0.000341,0.037678
