N paths,E[v_T](QE),E[v_T](EM),E[v_T^2](QE),E[v_T^2](EM)
1024,0.000689,0.059767,0.004624,0.010867
2048,0.000266,0.059901,0.001954,0.010805
4096,0.000119,0.060805,0.000984,0.010608
8192,0.000032,0.059413,0.000271,0.011135
16384,0.000024,0.059048,0.000220,0.011104
32768,0.000024,0.059416,0.000250,0.011007
65536,0.000008,0.059644,0.000085,0.010897
131072,0.000003,0.059493,0.000043,0.010960
262144,0.000001,0.059645,0.000020,0.010930
