N paths,E[v_T^3](QE),E[v_T^3](EM),E[v_T^4](QE),E[v_T^4](EM)
16384,0.086342,0.076926,0.307843,0.247366
32768,0.051610,0.056582,0.175540,0.168293
65536,0.038440,0.050886,0.139336,0.158682
131072,0.033262,0.052233,0.131706,0.158329
262144,0.025673,0.036014,0.110822,0.092710
524288,0.018539,0.034205,0.087140,0.083822
1048576,0.011703,0.034687,0.053137,0.072045
